week_start,post_count,rolling_avg_post_count,completeness_score,is_gap,subreddit
2018-01-01,219,219.0,1.0,False,mentalhealth
2018-01-08,212,215.5,0.9837587006960556,False,mentalhealth
2018-01-15,195,208.66666666666666,0.9345047923322685,False,mentalhealth
2018-01-22,216,210.5,1.0261282660332542,False,mentalhealth
2018-01-29,224,211.75,1.0578512396694215,False,mentalhealth
2018-02-05,233,217.0,1.0737327188940091,False,mentalhealth
2018-02-12,191,216.0,0.8842592592592593,False,mentalhealth
2018-02-19,207,213.75,0.968421052631579,False,mentalhealth
2018-02-26,223,213.5,1.044496487119438,False,mentalhealth
2018-03-05,201,205.5,0.9781021897810219,False,mentalhealth
2018-03-12,179,202.5,0.8839506172839506,False,mentalhealth
2018-03-19,193,199.0,0.9698492462311558,False,mentalhealth
2018-03-26,220,198.25,1.1097099621689785,False,mentalhealth
2018-04-02,255,211.75,1.204250295159386,False,mentalhealth
2018-04-09,234,225.5,1.0376940133037693,False,mentalhealth
2018-04-16,158,216.75,0.7289504036908881,False,mentalhealth
2018-04-30,221,217.0,1.0184331797235022,False,mentalhealth
2018-05-07,290,225.75,1.2846068660022147,False,mentalhealth
2018-05-14,310,244.75,1.2665985699693565,False,mentalhealth
2018-05-21,317,284.5,1.1142355008787346,False,mentalhealth
2018-05-28,352,317.25,1.1095350669818755,False,mentalhealth
2018-06-04,356,333.75,1.0666666666666667,False,mentalhealth
2018-06-11,370,348.75,1.060931899641577,False,mentalhealth
2018-06-18,368,361.5,1.0179806362378976,False,mentalhealth
2018-06-25,363,364.25,0.9965682910089224,False,mentalhealth
2018-07-02,400,375.25,1.0659560293137909,False,mentalhealth
2018-07-09,371,375.5,0.9880159786950732,False,mentalhealth
2018-07-16,444,394.5,1.1254752851711027,False,mentalhealth
2018-07-23,451,416.5,1.0828331332533012,False,mentalhealth
2018-07-30,419,421.25,0.9946587537091988,False,mentalhealth
2018-08-06,452,441.5,1.0237825594563987,False,mentalhealth
2018-08-13,449,442.75,1.0141163184641446,False,mentalhealth
2018-08-20,408,432.0,0.9444444444444444,False,mentalhealth
2018-08-27,423,433.0,0.976905311778291,False,mentalhealth
2018-09-03,418,424.5,0.9846878680800942,False,mentalhealth
2018-09-10,447,424.0,1.054245283018868,False,mentalhealth
2018-09-17,469,439.25,1.0677290836653386,False,mentalhealth
2018-09-24,510,461.0,1.1062906724511932,False,mentalhealth
2018-10-01,504,482.5,1.044559585492228,False,mentalhealth
2018-10-08,557,510.0,1.092156862745098,False,mentalhealth
2018-10-15,578,537.25,1.0758492322010238,False,mentalhealth
2018-10-22,591,557.5,1.0600896860986546,False,mentalhealth
2018-10-29,326,513.0,0.6354775828460039,False,mentalhealth
2018-11-05,397,473.0,0.8393234672304439,False,mentalhealth
2018-11-12,249,390.75,0.6372360844529751,False,mentalhealth
2018-11-19,201,293.25,0.6854219948849105,False,mentalhealth
2018-11-26,359,301.5,1.1907131011608623,False,mentalhealth
2018-12-03,270,269.75,1.0009267840593141,False,mentalhealth
2018-12-10,263,273.25,0.9624885635864593,False,mentalhealth
2018-12-17,304,299.0,1.0167224080267558,False,mentalhealth
2018-12-24,396,308.25,1.2846715328467153,False,mentalhealth
2018-12-31,934,474.25,1.9694254085397997,False,mentalhealth
2019-01-07,838,618.0,1.3559870550161812,False,mentalhealth
2019-01-14,830,749.5,1.1074049366244163,False,mentalhealth
2019-01-21,1004,901.5,1.1136993899057126,False,mentalhealth
2019-01-28,823,873.75,0.9419170243204578,False,mentalhealth
2019-02-04,936,898.25,1.042026161981631,False,mentalhealth
2019-02-11,987,937.5,1.0528,False,mentalhealth
2019-02-18,1119,966.25,1.158085381630013,False,mentalhealth
2019-02-25,945,996.75,0.9480812641083521,False,mentalhealth
2019-03-04,1139,1047.5,1.0873508353221957,False,mentalhealth
2019-03-11,921,1031.0,0.8933074684772065,False,mentalhealth
2019-03-18,1181,1046.5,1.1285236502627807,False,mentalhealth
2019-03-25,1031,1068.0,0.9653558052434457,False,mentalhealth
2019-04-01,842,993.75,0.8472955974842767,False,mentalhealth
2019-04-08,882,984.0,0.8963414634146342,False,mentalhealth
2019-04-15,882,909.25,0.9700302447071762,False,mentalhealth
2019-04-22,84,672.5,0.12490706319702602,True,mentalhealth
2019-04-29,155,500.75,0.30953569645531703,True,mentalhealth
2019-05-06,323,361.0,0.8947368421052632,False,mentalhealth
2019-05-13,605,291.75,2.0736932305055698,False,mentalhealth
2019-05-20,498,395.25,1.2599620493358634,False,mentalhealth
2019-05-27,357,445.75,0.8008973639932697,False,mentalhealth
2019-06-03,386,461.5,0.8364030335861322,False,mentalhealth
2019-06-10,351,398.0,0.8819095477386935,False,mentalhealth
2019-06-17,538,408.0,1.3186274509803921,False,mentalhealth
2019-06-24,491,441.5,1.1121177802944506,False,mentalhealth
2019-07-01,541,480.25,1.1264966163456533,False,mentalhealth
2019-07-08,356,481.5,0.7393561786085151,False,mentalhealth
2019-07-15,382,442.5,0.8632768361581921,False,mentalhealth
2019-07-22,151,357.5,0.4223776223776224,True,mentalhealth
2019-07-29,338,306.75,1.1018744906275468,False,mentalhealth
2019-08-05,361,308.0,1.172077922077922,False,mentalhealth
2019-08-12,567,354.25,1.6005645730416374,False,mentalhealth
2019-08-19,188,363.5,0.517193947730399,False,mentalhealth
2019-08-26,289,351.25,0.8227758007117437,False,mentalhealth
2019-09-02,412,364.0,1.1318681318681318,False,mentalhealth
2019-09-09,482,342.75,1.4062727935813275,False,mentalhealth
2019-09-16,440,405.75,1.084411583487369,False,mentalhealth
2019-09-23,484,454.5,1.0649064906490648,False,mentalhealth
2019-09-30,226,408.0,0.553921568627451,False,mentalhealth
2019-10-07,720,467.5,1.5401069518716577,False,mentalhealth
2019-10-14,94,381.0,0.24671916010498687,True,mentalhealth
2019-10-21,420,365.0,1.1506849315068493,False,mentalhealth
2019-10-28,342,394.0,0.868020304568528,False,mentalhealth
2019-12-30,714,392.5,1.819108280254777,False,mentalhealth
2020-01-06,989,616.25,1.604868154158215,False,mentalhealth
2020-01-13,866,727.75,1.1899690827894194,False,mentalhealth
2020-01-20,899,867.0,1.0369088811995386,False,mentalhealth
2020-01-27,820,893.5,0.9177392277560157,False,mentalhealth
2020-02-03,863,862.0,1.0011600928074247,False,mentalhealth
2020-02-10,806,847.0,0.9515938606847698,False,mentalhealth
2020-02-17,874,840.75,1.03954802259887,False,mentalhealth
2020-02-24,849,848.0,1.0011792452830188,False,mentalhealth
2020-03-02,787,829.0,0.9493365500603136,False,mentalhealth
2020-03-09,759,817.25,0.928724380544509,False,mentalhealth
2020-03-16,751,786.5,0.9548633184996821,False,mentalhealth
2020-03-23,878,793.75,1.1061417322834646,False,mentalhealth
2020-03-30,901,822.25,1.0957737914259653,False,mentalhealth
2020-04-06,857,846.75,1.0121051077649839,False,mentalhealth
2020-04-13,790,856.5,0.9223584354932867,False,mentalhealth
2020-04-20,111,664.75,0.16698006769462204,True,mentalhealth
2020-04-27,410,542.0,0.7564575645756457,False,mentalhealth
2020-05-04,956,566.75,1.6868107631230702,False,mentalhealth
2020-05-11,930,601.75,1.5454923140839218,False,mentalhealth
2020-05-18,964,815.0,1.1828220858895706,False,mentalhealth
2020-05-25,977,956.75,1.0211654037104783,False,mentalhealth
2020-06-01,942,953.25,0.988198269079465,False,mentalhealth
2020-06-08,921,951.0,0.9684542586750788,False,mentalhealth
2020-06-15,938,944.5,0.9931180518793012,False,mentalhealth
2020-06-22,881,920.5,0.9570885388375883,False,mentalhealth
2020-06-29,891,907.75,0.9815477829798953,False,mentalhealth
2020-07-06,947,914.25,1.0358217117856166,False,mentalhealth
2020-07-13,896,903.75,0.9914246196403873,False,mentalhealth
2020-07-20,939,918.25,1.022597331881296,False,mentalhealth
2020-07-27,907,922.25,0.9834643534833288,False,mentalhealth
2020-08-03,905,911.75,0.9925966547847546,False,mentalhealth
2020-08-10,923,918.5,1.004899292324442,False,mentalhealth
2020-08-17,990,931.25,1.0630872483221476,False,mentalhealth
2020-08-24,1094,978.0,1.1186094069529653,False,mentalhealth
2020-08-31,1111,1029.5,1.0791646430305974,False,mentalhealth
2020-09-07,1051,1061.5,0.9901083372585964,False,mentalhealth
2020-09-14,1031,1071.75,0.9619780732446933,False,mentalhealth
2020-09-21,1045,1059.5,0.9863142991977348,False,mentalhealth
2020-09-28,1018,1036.25,0.982388419782871,False,mentalhealth
2020-10-05,1127,1055.25,1.0679933665008292,False,mentalhealth
2020-10-12,1034,1056.0,0.9791666666666666,False,mentalhealth
2020-10-19,1053,1058.0,0.995274102079395,False,mentalhealth
2020-10-26,1064,1069.5,0.9948574100046751,False,mentalhealth
2020-11-02,1016,1041.75,0.9752819774418047,False,mentalhealth
2020-11-09,1223,1089.0,1.123048668503214,False,mentalhealth
2020-11-16,1208,1127.75,1.07115938816227,False,mentalhealth
2020-11-23,1115,1140.5,0.9776413853572994,False,mentalhealth
2020-11-30,1121,1166.75,0.9607885151060639,False,mentalhealth
2020-12-07,1245,1172.25,1.0620601407549584,False,mentalhealth
2020-12-14,1204,1171.25,1.0279615795090715,False,mentalhealth
2020-12-21,1070,1160.0,0.9224137931034483,False,mentalhealth
2020-12-28,1030,1137.25,0.9056935590239613,False,mentalhealth
2021-01-04,1232,1134.0,1.0864197530864197,False,mentalhealth
2021-01-11,1193,1131.25,1.054585635359116,False,mentalhealth
2021-01-18,1216,1167.75,1.0413187754228217,False,mentalhealth
2021-01-25,1275,1229.0,1.0374288039056143,False,mentalhealth
2021-02-01,1261,1236.25,1.0200202224469161,False,mentalhealth
2021-02-08,1354,1276.5,1.0607128867998432,False,mentalhealth
2021-02-15,1282,1293.0,0.991492652745553,False,mentalhealth
2021-02-22,1349,1311.5,1.0285932138772398,False,mentalhealth
2021-03-01,1323,1327.0,0.9969856819894499,False,mentalhealth
2021-03-08,1310,1316.0,0.9954407294832827,False,mentalhealth
2021-03-15,1285,1316.75,0.9758876020505032,False,mentalhealth
2021-03-22,1243,1290.25,0.963379190079442,False,mentalhealth
2021-03-29,1296,1283.5,1.0097389949357227,False,mentalhealth
2021-04-05,1293,1279.25,1.0107484854406878,False,mentalhealth
2021-04-12,1351,1295.75,1.0426393980320279,False,mentalhealth
2021-04-19,1332,1318.0,1.0106221547799696,False,mentalhealth
2021-04-26,1399,1343.75,1.0411162790697674,False,mentalhealth
2021-05-03,1332,1353.5,0.9841152567417806,False,mentalhealth
2021-05-10,1463,1381.5,1.058993847267463,False,mentalhealth
2021-05-17,1381,1393.75,0.9908520179372198,False,mentalhealth
2021-05-24,1505,1420.25,1.0596725928533708,False,mentalhealth
2021-05-31,1597,1486.5,1.074335687857383,False,mentalhealth
2021-06-07,1631,1528.5,1.0670592083742232,False,mentalhealth
2021-06-14,1475,1552.0,0.9503865979381443,False,mentalhealth
2021-06-21,1343,1511.5,0.888521336420774,False,mentalhealth
2021-06-28,1124,1393.25,0.8067468150008972,False,mentalhealth
2021-07-05,1072,1253.5,0.8552054248105305,False,mentalhealth
2021-07-12,1031,1142.5,0.9024070021881838,False,mentalhealth
2021-07-19,1010,1059.25,0.9535048383290063,False,mentalhealth
2021-07-26,1090,1050.75,1.0373542707589818,False,mentalhealth
2021-08-02,1069,1050.0,1.0180952380952382,False,mentalhealth
2021-08-09,1069,1059.5,1.0089664936290703,False,mentalhealth
2021-08-16,534,940.5,0.5677830940988836,False,mentalhealth
2021-08-23,543,803.75,0.6755832037325039,False,mentalhealth
2021-08-30,956,775.5,1.2327530625402965,False,mentalhealth
2021-09-06,988,755.25,1.3081761006289307,False,mentalhealth
2021-09-13,1001,872.0,1.1479357798165137,False,mentalhealth
2021-09-20,1021,991.5,1.0297528996469996,False,mentalhealth
2021-09-27,968,994.5,0.9733534439416792,False,mentalhealth
2021-10-04,964,988.5,0.9752149721800708,False,mentalhealth
2021-10-11,1005,989.5,1.0156644770085903,False,mentalhealth
2021-10-18,1067,1001.0,1.065934065934066,False,mentalhealth
2021-10-25,1039,1018.75,1.019877300613497,False,mentalhealth
2021-11-01,1066,1044.25,1.0208283457026575,False,mentalhealth
2021-11-08,1117,1072.25,1.0417346700862673,False,mentalhealth
2021-11-15,1094,1079.0,1.0139017608897127,False,mentalhealth
2021-11-22,1033,1077.5,0.9587006960556844,False,mentalhealth
2021-11-29,1164,1102.0,1.0562613430127041,False,mentalhealth
2021-12-06,1130,1105.25,1.0223931237276633,False,mentalhealth
2021-12-13,1106,1108.25,0.9979697721633205,False,mentalhealth
2021-12-20,1032,1108.0,0.9314079422382672,False,mentalhealth
2021-12-27,1023,1072.75,0.9536238639011886,False,mentalhealth
2022-01-03,1259,1105.0,1.139366515837104,False,mentalhealth
2022-01-10,1224,1134.5,1.0788893785808726,False,mentalhealth
2022-01-17,1176,1170.5,1.0046988466467321,False,mentalhealth
2022-01-24,1184,1210.75,0.977906256452612,False,mentalhealth
2022-01-31,1271,1213.75,1.047167868177137,False,mentalhealth
2022-02-07,1280,1227.75,1.0425575239258806,False,mentalhealth
2022-02-14,1250,1246.25,1.0030090270812437,False,mentalhealth
2022-02-21,1304,1276.25,1.021743388834476,False,mentalhealth
2022-02-28,1395,1307.25,1.0671256454388984,False,mentalhealth
2022-03-07,1376,1331.25,1.0336150234741783,False,mentalhealth
2022-03-14,1322,1349.25,0.9798035945895868,False,mentalhealth
2022-03-21,1327,1355.0,0.9793357933579335,False,mentalhealth
2022-03-28,1271,1324.0,0.9599697885196374,False,mentalhealth
2022-04-04,1388,1327.0,1.0459683496608891,False,mentalhealth
2022-04-11,1314,1325.0,0.9916981132075472,False,mentalhealth
2022-04-18,1424,1349.25,1.0554011487863628,False,mentalhealth
2022-04-25,1408,1383.5,1.0177087097940007,False,mentalhealth
2022-05-02,1445,1397.75,1.0338043283849043,False,mentalhealth
2022-05-09,1451,1432.0,1.013268156424581,False,mentalhealth
2022-05-16,1525,1457.25,1.0464916795333676,False,mentalhealth
2022-05-23,1608,1507.25,1.0668435893182948,False,mentalhealth
2022-05-30,1229,1453.25,0.8456906932736968,False,mentalhealth
2022-06-06,1426,1447.0,0.9854872149274361,False,mentalhealth
2022-06-13,1351,1403.5,0.9625935162094763,False,mentalhealth
2022-06-20,1378,1346.0,1.0237741456166418,False,mentalhealth
2022-06-27,1339,1373.5,0.9748816891153986,False,mentalhealth
2022-07-04,1253,1330.25,0.9419282089832738,False,mentalhealth
2022-07-11,1376,1336.5,1.029554807332585,False,mentalhealth
2022-07-18,1350,1329.5,1.0154193305754042,False,mentalhealth
2022-07-25,1494,1368.25,1.0919057189841037,False,mentalhealth
2022-08-01,1370,1397.5,0.9803220035778175,False,mentalhealth
2022-08-08,1414,1407.0,1.0049751243781095,False,mentalhealth
2022-08-15,1396,1418.5,0.9841381741275996,False,mentalhealth
2022-08-22,1456,1409.0,1.0333569907735982,False,mentalhealth
2022-08-29,1371,1409.25,0.9728579031399681,False,mentalhealth
2022-09-05,1340,1390.75,0.9635088980765774,False,mentalhealth
2022-09-12,1302,1367.25,0.9522764673614921,False,mentalhealth
2022-09-19,1408,1355.25,1.0389227079874561,False,mentalhealth
2022-09-26,1384,1358.5,1.0187707029812294,False,mentalhealth
2022-10-03,1301,1348.75,0.9645968489341983,False,mentalhealth
2022-10-10,1450,1385.75,1.0463647844127728,False,mentalhealth
2022-10-17,1472,1401.75,1.050115926520421,False,mentalhealth
2022-10-24,1530,1438.25,1.0637928037545628,False,mentalhealth
2022-10-31,1343,1448.75,0.9270060396893874,False,mentalhealth
2022-11-07,1238,1395.75,0.8869783270643024,False,mentalhealth
2022-11-14,1245,1339.0,0.929798356982823,False,mentalhealth
2022-11-21,1201,1256.75,0.9556395464491745,False,mentalhealth
2022-11-28,1340,1256.0,1.0668789808917198,False,mentalhealth
2022-12-05,1395,1295.25,1.0770121598147075,False,mentalhealth
2022-12-12,1441,1344.25,1.0719732192672493,False,mentalhealth
2022-12-19,1346,1380.5,0.9750090546903296,False,mentalhealth
2022-12-26,1496,1419.5,1.0538922155688624,False,mentalhealth
2023-01-02,1446,1432.25,1.0096002792808518,False,mentalhealth
2023-01-09,1420,1427.0,0.9950946040644709,False,mentalhealth
2023-01-16,1307,1417.25,0.9222085023813724,False,mentalhealth
2023-01-23,1495,1417.0,1.055045871559633,False,mentalhealth
2023-01-30,1371,1398.25,0.9805113534775612,False,mentalhealth
2023-02-06,1363,1384.0,0.9848265895953757,False,mentalhealth
2023-02-13,1065,1323.5,0.8046845485455232,False,mentalhealth
2023-02-20,6,951.25,0.006307490144546649,True,mentalhealth
2023-02-27,4,609.5,0.006562756357670222,True,mentalhealth
2023-03-06,346,355.25,0.9739619985925405,False,mentalhealth
2023-03-13,646,250.5,2.5788423153692617,False,mentalhealth
2023-03-20,447,360.75,1.2390852390852392,False,mentalhealth
2023-03-27,958,599.25,1.5986649979140592,False,mentalhealth
2023-04-03,828,719.75,1.1503994442514762,False,mentalhealth
2023-04-10,836,767.25,1.0896057347670252,False,mentalhealth
2023-04-17,853,868.75,0.9818705035971224,False,mentalhealth
2023-04-24,805,830.5,0.9692956050571945,False,mentalhealth
2023-05-01,934,857.0,1.089848308051342,False,mentalhealth
2023-05-08,922,878.5,1.0495162208309619,False,mentalhealth
2023-05-15,903,891.0,1.0134680134680134,False,mentalhealth
2023-05-22,808,891.75,0.9060835435940566,False,mentalhealth
2023-05-29,861,873.5,0.9856897538637664,False,mentalhealth
2023-06-05,846,854.5,0.9900526623756583,False,mentalhealth
2023-06-12,899,853.5,1.053309900410076,False,mentalhealth
2023-06-19,902,877.0,1.0285062713797035,False,mentalhealth
2023-06-26,1102,937.25,1.1757802080554816,False,mentalhealth
2023-07-03,1472,1093.75,1.3458285714285714,False,mentalhealth
2023-07-10,1518,1248.5,1.2158590308370043,False,mentalhealth
2023-07-17,1427,1379.75,1.034245334299692,False,mentalhealth
2023-07-24,1618,1508.75,1.0724109362054681,False,mentalhealth
2023-07-31,1682,1561.25,1.077341873498799,False,mentalhealth
2023-08-07,1600,1581.75,1.0115378536431168,False,mentalhealth
2023-08-14,1648,1637.0,1.0067196090409285,False,mentalhealth
2023-08-21,1697,1656.75,1.024294552587898,False,mentalhealth
2023-08-28,1593,1634.5,0.9746099724686449,False,mentalhealth
2023-09-04,1639,1644.25,0.996807054888247,False,mentalhealth
2023-09-11,1537,1616.5,0.9508196721311475,False,mentalhealth
2023-09-18,1627,1599.0,1.0175109443402126,False,mentalhealth
2023-09-25,1644,1611.75,1.0200093066542577,False,mentalhealth
2023-10-02,1667,1618.75,1.0298069498069498,False,mentalhealth
2023-10-09,1753,1672.75,1.0479748916454938,False,mentalhealth
2023-10-16,1799,1715.75,1.0485210549322455,False,mentalhealth
2023-10-23,1687,1726.5,0.9771213437590501,False,mentalhealth
2023-10-30,1935,1793.5,1.078896013381656,False,mentalhealth
2023-11-06,1979,1850.0,1.0697297297297297,False,mentalhealth
2023-11-13,2031,1908.0,1.0644654088050314,False,mentalhealth
2023-11-20,1914,1964.75,0.974169741697417,False,mentalhealth
2023-11-27,2032,1989.0,1.021618903971845,False,mentalhealth
2023-12-04,2007,1996.0,1.0055110220440882,False,mentalhealth
2023-12-11,2002,1988.75,1.0066624764299184,False,mentalhealth
2023-12-18,1951,1998.0,0.9764764764764765,False,mentalhealth
2023-12-25,1931,1972.75,0.9788366493473577,False,mentalhealth
2024-01-01,2211,2023.75,1.0925262507720814,False,mentalhealth
2024-01-08,2072,2041.25,1.0150642988364973,False,mentalhealth
2024-01-15,2136,2087.5,1.0232335329341318,False,mentalhealth
2024-01-22,2096,2128.75,0.9846153846153847,False,mentalhealth
2024-01-29,2181,2121.25,1.02816735415439,False,mentalhealth
2024-02-05,2221,2158.5,1.0289552930275654,False,mentalhealth
2024-02-12,2215,2178.25,1.0168713416733617,False,mentalhealth
2024-02-19,2198,2203.75,0.9973908111174135,False,mentalhealth
2024-02-26,2189,2205.75,0.992406211039329,False,mentalhealth
2024-03-04,2102,2176.0,0.9659926470588235,False,mentalhealth
2024-03-11,1952,2110.25,0.9250088852031749,False,mentalhealth
2024-03-18,2126,2092.25,1.0161309594933683,False,mentalhealth
2024-03-25,2093,2068.25,1.0119666384624684,False,mentalhealth
2024-04-01,2111,2070.5,1.0195604926346293,False,mentalhealth
2024-04-08,2197,2131.75,1.0306086548610296,False,mentalhealth
2024-04-15,2134,2133.75,1.0001171646162859,False,mentalhealth
2024-04-22,2097,2134.75,0.9823164304953742,False,mentalhealth
2024-04-29,2219,2161.75,1.0264831733549207,False,mentalhealth
2024-05-06,2207,2164.25,1.01975280120134,False,mentalhealth
2024-05-13,2223,2186.5,1.016693345529385,False,mentalhealth
2024-05-20,2138,2196.75,0.9732559462842836,False,mentalhealth
2024-05-27,1833,2100.25,0.8727532436614689,False,mentalhealth
2024-06-03,1778,1993.0,0.8921224284997491,False,mentalhealth
2024-06-10,1945,1923.5,1.0111775409409929,False,mentalhealth
2024-06-17,1848,1851.0,0.9983792544570502,False,mentalhealth
2024-06-24,1811,1845.5,0.9813058791655378,False,mentalhealth
2024-07-01,1795,1849.75,0.9704014055953507,False,mentalhealth
2024-07-08,1847,1825.25,1.0119161758663198,False,mentalhealth
2024-07-15,1712,1791.25,0.9557571528262386,False,mentalhealth
2024-07-22,1998,1838.0,1.087051142546246,False,mentalhealth
2024-07-29,1929,1871.5,1.0307240181672455,False,mentalhealth
2024-08-05,2033,1918.0,1.0599582898852973,False,mentalhealth
2024-08-12,1929,1972.25,0.9780707313981494,False,mentalhealth
2024-08-19,1999,1972.5,1.0134347275031685,False,mentalhealth
2024-08-26,1942,1975.75,0.982917879286347,False,mentalhealth
2024-09-02,1911,1945.25,0.9823930086107184,False,mentalhealth
2024-09-09,1979,1957.75,1.0108542970246457,False,mentalhealth
2024-09-16,1958,1947.5,1.0053915275994865,False,mentalhealth
2024-09-23,1935,1945.75,0.994475138121547,False,mentalhealth
2024-09-30,1923,1948.75,0.9867864015394484,False,mentalhealth
2024-10-07,2161,1994.25,1.0836153942584932,False,mentalhealth
2024-10-14,2034,2013.25,1.0103067179932945,False,mentalhealth
2024-10-21,2008,2031.5,0.9884321929608664,False,mentalhealth
2024-10-28,2098,2075.25,1.0109625346343813,False,mentalhealth
2024-11-04,2046,2046.5,0.9997556804300024,False,mentalhealth
2024-11-11,2025,2044.25,0.99058334352452,False,mentalhealth
2024-11-18,1949,2029.5,0.9603350578960335,False,mentalhealth
2024-11-25,1989,2002.25,0.9933824447496566,False,mentalhealth
2024-12-02,2043,2001.5,1.0207344491631276,False,mentalhealth
2024-12-09,2059,2010.0,1.0243781094527362,False,mentalhealth
2024-12-16,1877,1992.0,0.9422690763052208,False,mentalhealth
2024-12-23,1808,1946.75,0.9287273661230255,False,mentalhealth
2024-12-30,290,1508.5,0.192243950944647,True,mentalhealth
